{
  "project_info": {
    "project_number": "1093652236357",
    "firebase_url": "https://face-detection-83ef9.firebaseio.com",
    "project_id": "face-detection-83ef9",
    "storage_bucket": "face-detection-83ef9.appspot.com"
  },
  "client": [
    {
      "client_info": {
        "mobilesdk_app_id": "1:1093652236357:android:6ce960eb8a6ed748e97b2c",
        "android_client_info": {
          "package_name": "com.example.facedetection"
        }
      },
      "oauth_client": [
        {
          "client_id": "1093652236357-qm768udu9qcnbuc04t70baj8ijp3mvdn.apps.googleusercontent.com",
          "client_type": 3
        }
      ],
      "api_key": [
        {
          "current_key": "AIzaSyC8L3ECPPZCWPdN_kft8j7Il8TLMS7qvFA"
        }
      ],
      "services": {
        "appinvite_service": {
          "other_platform_oauth_client": [
            {
              "client_id": "1093652236357-qm768udu9qcnbuc04t70baj8ijp3mvdn.apps.googleusercontent.com",
              "client_type": 3
            }
          ]
        }
      }
    }
  ],
  "configuration_version": "1"
}